<?xml version = "1.0" encoding = "UTF-8"?>
<weblogic-web-app
        xmlns:xsi="http://www.w3.org/2001/XMLSchema-instance"
        xsi:schemaLocation="http://xmlns.oracle.com/weblogic/weblogic-web-app http://xmlns.oracle.com/weblogic/weblogic-web-app/1.5/weblogic-web-app.xsd"
        xmlns="http://xmlns.oracle.com/weblogic/weblogic-web-app">
    <context-root>/sprb</context-root>
    <container-descriptor>
        <prefer-application-packages>
            <package-name>org.slf4j.*</package-name>
            <package-name>org.springframework.*</package-name>
        </prefer-application-packages>
    </container-descriptor>

</weblogic-web-app>